{
  "map": {
    "3": {
      "pitchRad": 0.7853981665439099,
      "speedMetersPerSec": 5.1904652622818785,
      "timeOfFlightSeconds": 0.8716529980753162
    },
    "3.5": {
      "pitchRad": 0.7853981662862564,
      "speedMetersPerSec": 5.686039692081649,
      "timeOfFlightSeconds": 0.9343188534592823
    },
    "4.0": {
      "pitchRad": 0.7853981661408125,
      "speedMetersPerSec": 6.1512986816079325,
      "timeOfFlightSeconds": 0.9934525121628771
    },
    "4.5": {
      "pitchRad": 0.7853981659895617,
      "speedMetersPerSec": 6.592455104046762,
      "timeOfFlightSeconds": 1.049649152857785
    },
    "5.0": {
      "pitchRad": 0.7853981658383873,
      "speedMetersPerSec": 7.01399732229567,
      "timeOfFlightSeconds": 1.1033558136409807
    },
    "5.5": {
      "pitchRad": 0.7853981657102964,
      "speedMetersPerSec": 7.419287341662727,
      "timeOfFlightSeconds": 1.1549181909759356
    },
    "6.0": {
      "pitchRad": 0.7853981655990612,
      "speedMetersPerSec": 7.810917971051211,
      "timeOfFlightSeconds": 1.20461000416133
    },
    "6.5": {
      "pitchRad": 0.7853981655014752,
      "speedMetersPerSec": 8.190937418027106,
      "timeOfFlightSeconds": 1.2526522587026656
    },
    "7.0": {
      "pitchRad": 0.7853981654158542,
      "speedMetersPerSec": 8.560996622563412,
      "timeOfFlightSeconds": 1.2992263541581128
    },
    "7.5": {
      "pitchRad": 0.7853981653385984,
      "speedMetersPerSec": 8.922449371531258,
      "timeOfFlightSeconds": 1.3444832810341172
    },
    "8.0": {
      "pitchRad": 0.7853981652693287,
      "speedMetersPerSec": 9.276422383976492,
      "timeOfFlightSeconds": 1.3885502440180255
    },
    "8.5": {
      "pitchRad": 0.7853981652065738,
      "speedMetersPerSec": 9.62386564288816,
      "timeOfFlightSeconds": 1.4315355399941854
    },
    "9.0": {
      "pitchRad": 0.7853981651492148,
      "speedMetersPerSec": 9.965589349524894,
      "timeOfFlightSeconds": 1.473532221582492
    },
    "9.5": {
      "pitchRad": 0.7853981650963876,
      "speedMetersPerSec": 10.30229158618592,
      "timeOfFlightSeconds": 1.514620896178846
    },
    "10.0": {
      "pitchRad": 0.7853981650474235,
      "speedMetersPerSec": 10.634579380429688,
      "timeOfFlightSeconds": 1.554871897239516
    },
    "10.5": {
      "pitchRad": 0.7853981650026061,
      "speedMetersPerSec": 10.962984990203395,
      "timeOfFlightSeconds": 1.5943469915805424
    },
    "11.0": {
      "pitchRad": 0.785398164960484,
      "speedMetersPerSec": 11.287978666471886,
      "timeOfFlightSeconds": 1.633100738261091
    },
    "11.5": {
      "pitchRad": 0.785398164921606,
      "speedMetersPerSec": 11.609978778422962,
      "timeOfFlightSeconds": 1.6711815821018021
    },
    "12.0": {
      "pitchRad": 0.7853981648846964,
      "speedMetersPerSec": 11.92935993572719,
      "timeOfFlightSeconds": 1.708632742443587
    },
    "12.5": {
      "pitchRad": 0.785398164850296,
      "speedMetersPerSec": 12.246459570045042,
      "timeOfFlightSeconds": 1.745492942087386
    },
    "13.0": {
      "pitchRad": 0.7853981648179547,
      "speedMetersPerSec": 12.561583317342473,
      "timeOfFlightSeconds": 1.7817970101156158
    },
    "13.5": {
      "pitchRad": 0.7853981647876548,
      "speedMetersPerSec": 12.875009456833117,
      "timeOfFlightSeconds": 1.8175763842411228
    },
    "14.0": {
      "pitchRad": 0.7853981647587731,
      "speedMetersPerSec": 13.186992600449946,
      "timeOfFlightSeconds": 1.8528595323680617
    },
    "14.5": {
      "pitchRad": 0.7853981647317815,
      "speedMetersPerSec": 13.497766781488476,
      "timeOfFlightSeconds": 1.8876723086657976
    },
    "15.0": {
      "pitchRad": 0.7853981647062005,
      "speedMetersPerSec": 13.807548057527711,
      "timeOfFlightSeconds": 1.9220382561312106
    },
    "15.5": {
      "pitchRad": 0.785398164682742,
      "speedMetersPerSec": 14.1165367176384,
      "timeOfFlightSeconds": 1.955978865132598
    },
    "16.0": {
      "pitchRad": 0.7853981646711015,
      "speedMetersPerSec": 14.424919164876117,
      "timeOfFlightSeconds": 1.9895137954967224
    }
  }
}
