{
  "map": {
    "3": {
      "pitchRad": 0.7853981666062474,
      "speedMetersPerSec": 5.1904652623192264,
      "timeOfFlightSeconds": 0.8716529981211667
    },
    "3.5": {
      "pitchRad": 0.7853981708825079,
      "speedMetersPerSec": 5.686039695471968,
      "timeOfFlightSeconds": 0.9343188572724498
    },
    "4.0": {
      "pitchRad": 0.7853981727404927,
      "speedMetersPerSec": 6.151298686470895,
      "timeOfFlightSeconds": 0.9934525180785879
    },
    "4.5": {
      "pitchRad": 0.7853981733102111,
      "speedMetersPerSec": 6.5924551094514765,
      "timeOfFlightSeconds": 1.0496491598775348
    },
    "5.0": {
      "pitchRad": 0.785398165857813,
      "speedMetersPerSec": 7.013997322308768,
      "timeOfFlightSeconds": 1.1033558136605672
    },
    "5.5": {
      "pitchRad": 0.7853981692332926,
      "speedMetersPerSec": 7.419287344294662,
      "timeOfFlightSeconds": 1.1549181947600216
    },
    "6.0": {
      "pitchRad": 0.7853981707621525,
      "speedMetersPerSec": 7.810917974987527,
      "timeOfFlightSeconds": 1.2046100099899943
    },
    "6.5": {
      "pitchRad": 0.7853981655184423,
      "speedMetersPerSec": 8.19093741803916,
      "timeOfFlightSeconds": 1.2526522587225466
    },
    "7.0": {
      "pitchRad": 0.7853981685966999,
      "speedMetersPerSec": 8.56099662508687,
      "timeOfFlightSeconds": 1.299226358075777
    },
    "7.5": {
      "pitchRad": 0.785398170144199,
      "speedMetersPerSec": 8.922449375458315,
      "timeOfFlightSeconds": 1.3444832871909755
    },
    "8.0": {
      "pitchRad": 0.7853981704711323,
      "speedMetersPerSec": 9.27642238835368,
      "timeOfFlightSeconds": 1.3885502509316774
    },
    "8.5": {
      "pitchRad": 0.7853981705835472,
      "speedMetersPerSec": 9.623865647555697,
      "timeOfFlightSeconds": 1.4315355473915752
    },
    "9.0": {
      "pitchRad": 0.7853981705828842,
      "speedMetersPerSec": 9.965589354387678,
      "timeOfFlightSeconds": 1.4735322293041042
    },
    "9.5": {
      "pitchRad": 0.7853981705821544,
      "speedMetersPerSec": 10.302291591256651,
      "timeOfFlightSeconds": 1.51462090421783
    },
    "10.0": {
      "pitchRad": 0.7853981705813836,
      "speedMetersPerSec": 10.63457938572286,
      "timeOfFlightSeconds": 1.554871905589959
    },
    "10.5": {
      "pitchRad": 0.7853981705805484,
      "speedMetersPerSec": 10.962984995728107,
      "timeOfFlightSeconds": 1.5943470002352655
    },
    "11.0": {
      "pitchRad": 0.785398170579664,
      "speedMetersPerSec": 11.28797867224229,
      "timeOfFlightSeconds": 1.6331007472154426
    },
    "11.5": {
      "pitchRad": 0.7853981705787192,
      "speedMetersPerSec": 11.609978784449591,
      "timeOfFlightSeconds": 1.6711815913497798
    },
    "12.0": {
      "pitchRad": 0.7853981705777159,
      "speedMetersPerSec": 11.929359942023158,
      "timeOfFlightSeconds": 1.7086327519812996
    },
    "12.5": {
      "pitchRad": 0.7853981705766496,
      "speedMetersPerSec": 12.246459576621858,
      "timeOfFlightSeconds": 1.7454929519098632
    },
    "13.0": {
      "pitchRad": 0.7853981705755247,
      "speedMetersPerSec": 12.561583324213224,
      "timeOfFlightSeconds": 1.781797020218681
    },
    "13.5": {
      "pitchRad": 0.7853981705743432,
      "speedMetersPerSec": 12.875009464010581,
      "timeOfFlightSeconds": 1.8175763946205274
    },
    "14.0": {
      "pitchRad": 0.7853981705730976,
      "speedMetersPerSec": 13.186992607946191,
      "timeOfFlightSeconds": 1.8528595430204362
    },
    "14.5": {
      "pitchRad": 0.7853981714717212,
      "speedMetersPerSec": 13.497766790681194,
      "timeOfFlightSeconds": 1.8876723212861461
    },
    "15.0": {
      "pitchRad": 0.7853981723373314,
      "speedMetersPerSec": 13.80754806835054,
      "timeOfFlightSeconds": 1.9220382707073675
    },
    "15.5": {
      "pitchRad": 0.785398173601148,
      "speedMetersPerSec": 14.116536730789836,
      "timeOfFlightSeconds": 1.9559788824994044
    },
    "16.0": {
      "pitchRad": 0.7853981760772917,
      "speedMetersPerSec": 14.424919182327992,
      "timeOfFlightSeconds": 1.9895138181245882
    }
  }
}