{
  "map": {
    "2": {
      "pitchRad": 0.6981317041891734,
      "speedMetersPerSec": 4.024838613167501,
      "timeOfFlightSeconds": 0.682295342062464
    },
    "2.5": {
      "pitchRad": 0.698131706554584,
      "speedMetersPerSec": 4.619436824674158,
      "timeOfFlightSeconds": 0.747699101264094
    },
    "3.0": {
      "pitchRad": 0.703960778563849,
      "speedMetersPerSec": 5.159882807799691,
      "timeOfFlightSeconds": 0.8123183391713226
    },
    "3.5": {
      "pitchRad": 0.7135308920664327,
      "speedMetersPerSec": 5.659356291311831,
      "timeOfFlightSeconds": 0.8767793843246785
    },
    "4.0": {
      "pitchRad": 0.7204788314308376,
      "speedMetersPerSec": 6.127310550848041,
      "timeOfFlightSeconds": 0.9371292340569131
    },
    "4.5": {
      "pitchRad": 0.7256651824451389,
      "speedMetersPerSec": 6.570354464076923,
      "timeOfFlightSeconds": 0.9940704284763117
    },
    "5.0": {
      "pitchRad": 0.7296123558273695,
      "speedMetersPerSec": 6.993215443594404,
      "timeOfFlightSeconds": 1.0481306878637677
    },
    "5.5": {
      "pitchRad": 0.7326554539763411,
      "speedMetersPerSec": 7.399406614268199,
      "timeOfFlightSeconds": 1.0997167640227816
    },
    "6.0": {
      "pitchRad": 0.7350191599095751,
      "speedMetersPerSec": 7.7916199621148134,
      "timeOfFlightSeconds": 1.1491492428579233
    },
    "7.0": {
      "pitchRad": 0.7382889532232967,
      "speedMetersPerSec": 8.542156541984257,
      "timeOfFlightSeconds": 1.2425364123652127
    },
    "9.0": {
      "pitchRad": 0.741266779705959,
      "speedMetersPerSec": 9.945740871243311,
      "timeOfFlightSeconds": 1.412180258430048
    },
    "9.5": {
      "pitchRad": 0.7415439100657298,
      "speedMetersPerSec": 10.281889201519986,
      "timeOfFlightSeconds": 1.4517344651891593
    },
    "10.0": {
      "pitchRad": 0.7416908199379079,
      "speedMetersPerSec": 10.6135197569241,
      "timeOfFlightSeconds": 1.490324985736942
    },
    "10.5": {
      "pitchRad": 0.741726469276515,
      "speedMetersPerSec": 10.941169438257917,
      "timeOfFlightSeconds": 1.528021721145343
    },
    "11.0": {
      "pitchRad": 0.7416663966896511,
      "speedMetersPerSec": 11.265311694767949,
      "timeOfFlightSeconds": 1.5648863026932056
    },
    "11.5": {
      "pitchRad": 0.7415234621389672,
      "speedMetersPerSec": 11.586366974607376,
      "timeOfFlightSeconds": 1.6009733766000165
    },
    "12.0": {
      "pitchRad": 0.7413084045824037,
      "speedMetersPerSec": 11.904711088300239,
      "timeOfFlightSeconds": 1.6363316442065923
    },
    "12.5": {
      "pitchRad": 0.7410302661887823,
      "speedMetersPerSec": 12.220681971513843,
      "timeOfFlightSeconds": 1.6710047120058518
    },
    "13.0": {
      "pitchRad": 0.7406967189037265,
      "speedMetersPerSec": 12.534585205315445,
      "timeOfFlightSeconds": 1.7050317921818043
    },
    "13.5": {
      "pitchRad": 0.7403143186185527,
      "speedMetersPerSec": 12.84669856131979,
      "timeOfFlightSeconds": 1.7384482845009035
    },
    "14.0": {
      "pitchRad": 0.7398887049787626,
      "speedMetersPerSec": 13.157275773860933,
      "timeOfFlightSeconds": 1.7712862631347366
    },
    "14.5": {
      "pitchRad": 0.7394247599329262,
      "speedMetersPerSec": 13.466549693733166,
      "timeOfFlightSeconds": 1.8035748866984946
    },
    "15.0": {
      "pitchRad": 0.7389267346131184,
      "speedMetersPerSec": 13.774734942910456,
      "timeOfFlightSeconds": 1.8353407457429465
    },
    "15.5": {
      "pitchRad": 0.7383983516940732,
      "speedMetersPerSec": 14.082030163406365,
      "timeOfFlightSeconds": 1.8666081589640773
    },
    "16.0": {
      "pitchRad": 0.7378428885794509,
      "speedMetersPerSec": 14.388619933617784,
      "timeOfFlightSeconds": 1.8973994270529992
    }
  }
}
