{
  "map": {
    "3.5": {
      "pitchRad": 0.7135308919789572,
      "speedMetersPerSec": 5.6593562913118305,
      "timeOfFlightSeconds": 0.8767793842570185
    },
    "4.0": {
      "pitchRad": 0.7204788302473835,
      "speedMetersPerSec": 6.127310550842812,
      "timeOfFlightSeconds": 0.9371292330610653
    },
    "4.5": {
      "pitchRad": 0.7256651824799233,
      "speedMetersPerSec": 6.570354464076743,
      "timeOfFlightSeconds": 0.9940704285077722
    },
    "5.0": {
      "pitchRad": 0.7296123557358596,
      "speedMetersPerSec": 6.9932154436048855,
      "timeOfFlightSeconds": 1.0481306877773082
    },
    "5.5": {
      "pitchRad": 0.7326554540066227,
      "speedMetersPerSec": 7.399406614268131,
      "timeOfFlightSeconds": 1.0997167640535406
    },
    "6.5": {
      "pitchRad": 0.7368596790940893,
      "speedMetersPerSec": 8.171970788046343,
      "timeOfFlightSeconds": 1.196685674222498
    },
    "7.0": {
      "pitchRad": 0.7382889532412031,
      "speedMetersPerSec": 8.542156541984241,
      "timeOfFlightSeconds": 1.2425364123862708
    },
    "7.5": {
      "pitchRad": 0.7393892807768926,
      "speedMetersPerSec": 8.903563878480027,
      "timeOfFlightSeconds": 1.286875725591483
    },
    "8.0": {
      "pitchRad": 0.740222515952586,
      "speedMetersPerSec": 9.257343083323999,
      "timeOfFlightSeconds": 1.3298497962066258
    },
    "8.5": {
      "pitchRad": 0.7408360440826953,
      "speedMetersPerSec": 9.604461206106233,
      "timeOfFlightSeconds": 1.3715825916947384
    },
    "9.0": {
      "pitchRad": 0.741266779720163,
      "speedMetersPerSec": 9.945740871243297,
      "timeOfFlightSeconds": 1.412180258449376
    },
    "9.5": {
      "pitchRad": 0.74154391007854,
      "speedMetersPerSec": 10.281889201519975,
      "timeOfFlightSeconds": 1.4517344652071413
    },
    "10.0": {
      "pitchRad": 0.7416908199496639,
      "speedMetersPerSec": 10.613519756924084,
      "timeOfFlightSeconds": 1.4903249857539378
    },
    "10.5": {
      "pitchRad": 0.7417264692874533,
      "speedMetersPerSec": 10.941169438257909,
      "timeOfFlightSeconds": 1.528021721161606
    },
    "11.0": {
      "pitchRad": 0.7416663967001106,
      "speedMetersPerSec": 11.265311694767943,
      "timeOfFlightSeconds": 1.5648863027091782
    },
    "11.5": {
      "pitchRad": 0.741523462148703,
      "speedMetersPerSec": 11.58636697460738,
      "timeOfFlightSeconds": 1.600973376615269
    },
    "12.0": {
      "pitchRad": 0.7413084045915591,
      "speedMetersPerSec": 11.90471108830025,
      "timeOfFlightSeconds": 1.63633164422129
    },
    "12.5": {
      "pitchRad": 0.7410302661976851,
      "speedMetersPerSec": 12.220681971513846,
      "timeOfFlightSeconds": 1.6710047120204827
    },
    "13.0": {
      "pitchRad": 0.740696718912564,
      "speedMetersPerSec": 12.534585205315436,
      "timeOfFlightSeconds": 1.7050317921966565
    },
    "13.5": {
      "pitchRad": 0.7403143186265555,
      "speedMetersPerSec": 12.846698561319783,
      "timeOfFlightSeconds": 1.7384482845146467
    },
    "14.0": {
      "pitchRad": 0.7398887049858898,
      "speedMetersPerSec": 13.157275773860926,
      "timeOfFlightSeconds": 1.7712862631472346
    },
    "14.5": {
      "pitchRad": 0.739424759939872,
      "speedMetersPerSec": 13.466549693733166,
      "timeOfFlightSeconds": 1.8035748867109236
    },
    "15.0": {
      "pitchRad": 0.738926734620244,
      "speedMetersPerSec": 13.774734942910454,
      "timeOfFlightSeconds": 1.8353407457559472
    },
    "15.5": {
      "pitchRad": 0.7383983517001583,
      "speedMetersPerSec": 14.082030163406364,
      "timeOfFlightSeconds": 1.8666081589753916
    },
    "16.0": {
      "pitchRad": 0.7378428885853523,
      "speedMetersPerSec": 14.388619933617775,
      "timeOfFlightSeconds": 1.8973994270641725
    }
  }
}
