{
  "map": {
    "3": {
      "pitchRad": 0.7853981637175023,
      "speedMetersPerSec": 5.190465260146806,
      "timeOfFlightSeconds": 0.8716529959273944
    },
    "4.0": {
      "pitchRad": 0.7853981636724464,
      "speedMetersPerSec": 6.151298679783215,
      "timeOfFlightSeconds": 0.9934525099494511
    },
    "5.0": {
      "pitchRad": 0.7853981636369148,
      "speedMetersPerSec": 7.01399732065828,
      "timeOfFlightSeconds": 1.1033558113993447
    },
    "5.5": {
      "pitchRad": 0.7853981636213241,
      "speedMetersPerSec": 7.419287340091124,
      "timeOfFlightSeconds": 1.1549181887306434
    },
    "6.0": {
      "pitchRad": 0.7853981636066845,
      "speedMetersPerSec": 7.8109179695282105,
      "timeOfFlightSeconds": 1.2046100019115835
    },
    "6.5": {
      "pitchRad": 0.7853981635930365,
      "speedMetersPerSec": 8.190937416539404,
      "timeOfFlightSeconds": 1.2526522564477451
    },
    "7.5": {
      "pitchRad": 0.7853981635683664,
      "speedMetersPerSec": 8.922449370081878,
      "timeOfFlightSeconds": 1.344483278765763
    },
    "8.0": {
      "pitchRad": 0.7853981635573676,
      "speedMetersPerSec": 9.276422382534282,
      "timeOfFlightSeconds": 1.38855024174247
    },
    "8.5": {
      "pitchRad": 0.7853981635467999,
      "speedMetersPerSec": 9.623865641446399,
      "timeOfFlightSeconds": 1.4315355377106207
    },
    "9.0": {
      "pitchRad": 0.7853981635370868,
      "speedMetersPerSec": 9.96558934807838,
      "timeOfFlightSeconds": 1.473532219291084
    },
    "9.5": {
      "pitchRad": 0.7853981635280284,
      "speedMetersPerSec": 10.302291584730133,
      "timeOfFlightSeconds": 1.5146208938797925
    },
    "10.0": {
      "pitchRad": 0.7853981635195544,
      "speedMetersPerSec": 10.63457937896071,
      "timeOfFlightSeconds": 1.5548718949331402
    },
    "10.5": {
      "pitchRad": 0.7853981635116806,
      "speedMetersPerSec": 10.962984988717066,
      "timeOfFlightSeconds": 1.594346989266096
    },
    "11.0": {
      "pitchRad": 0.7853981635043569,
      "speedMetersPerSec": 11.287978664965449,
      "timeOfFlightSeconds": 1.633100735939419
    },
    "11.5": {
      "pitchRad": 0.785398163497544,
      "speedMetersPerSec": 11.609978776893039,
      "timeOfFlightSeconds": 1.6711815797723555
    },
    "12.0": {
      "pitchRad": 0.7853981634912092,
      "speedMetersPerSec": 11.929359934171732,
      "timeOfFlightSeconds": 1.7086327401074224
    },
    "12.5": {
      "pitchRad": 0.7853981634853184,
      "speedMetersPerSec": 12.246459568461344,
      "timeOfFlightSeconds": 1.7454929397442693
    },
    "13.0": {
      "pitchRad": 0.7853981634798459,
      "speedMetersPerSec": 12.561583315728285,
      "timeOfFlightSeconds": 1.7817970077657006
    },
    "13.5": {
      "pitchRad": 0.7853981634747554,
      "speedMetersPerSec": 12.8750094551862,
      "timeOfFlightSeconds": 1.8175763818842534
    },
    "14.0": {
      "pitchRad": 0.7853981634700233,
      "speedMetersPerSec": 13.186992598768562,
      "timeOfFlightSeconds": 1.852859530004884
    },
    "14.5": {
      "pitchRad": 0.785398163465623,
      "speedMetersPerSec": 13.497766779770341,
      "timeOfFlightSeconds": 1.8876723062958414
    },
    "15.0": {
      "pitchRad": 0.78539816346153,
      "speedMetersPerSec": 13.80754805577105,
      "timeOfFlightSeconds": 1.922038253754629
    },
    "15.5": {
      "pitchRad": 0.785398163457723,
      "speedMetersPerSec": 14.116536715840327,
      "timeOfFlightSeconds": 1.9559788627479382
    },
    "16.0": {
      "pitchRad": 0.785398163454204,
      "speedMetersPerSec": 14.424919163018236,
      "timeOfFlightSeconds": 1.9895137930829945
    }
  }
}
