{
  "map": {
    "0.75": {
      "pitchRad": 1.3502757954852909,
      "speedMetersPerSec": 5.506536142225056,
      "timeOfFlightSeconds": 0.6537775528687021
    },
    "1.0": {
      "pitchRad": 1.350275796331997,
      "speedMetersPerSec": 5.896547114059537,
      "timeOfFlightSeconds": 0.8188092862907376
    },
    "1.25": {
      "pitchRad": 1.3502757971685926,
      "speedMetersPerSec": 6.348793675781593,
      "timeOfFlightSeconds": 0.9565192650026979
    },
    "1.5": {
      "pitchRad": 1.3502757979534374,
      "speedMetersPerSec": 6.806771541705671,
      "timeOfFlightSeconds": 1.0774577519029525
    },
    "1.75": {
      "pitchRad": 1.3502757986779996,
      "speedMetersPerSec": 7.256772420474671,
      "timeOfFlightSeconds": 1.1867630253677177
    },
    "2.0": {
      "pitchRad": 1.350275799375824,
      "speedMetersPerSec": 7.695420468771267,
      "timeOfFlightSeconds": 1.2873967415952174
    },
    "2.25": {
      "pitchRad": 0.975024930715912,
      "speedMetersPerSec": 6.52695685311863,
      "timeOfFlightSeconds": 0.6520976598522726
    },
    "2.5": {
      "pitchRad": 0.9750249327111187,
      "speedMetersPerSec": 6.6661559687845084,
      "timeOfFlightSeconds": 0.7118204440480091
    },
    "2.75": {
      "pitchRad": 0.9750249346843679,
      "speedMetersPerSec": 6.827579435619957,
      "timeOfFlightSeconds": 0.7671081097451262
    },
    "3.0": {
      "pitchRad": 0.9750249366177451,
      "speedMetersPerSec": 7.001668087318188,
      "timeOfFlightSeconds": 0.8188622611856583
    },
    "3.25": {
      "pitchRad": 0.9750249385076843,
      "speedMetersPerSec": 7.183063164968256,
      "timeOfFlightSeconds": 0.8677169861784786
    },
    "3.5": {
      "pitchRad": 0.9750249403545063,
      "speedMetersPerSec": 7.36859252835373,
      "timeOfFlightSeconds": 0.9141382001185091
    },
    "3.75": {
      "pitchRad": 0.9750249421583725,
      "speedMetersPerSec": 7.556304190395746,
      "timeOfFlightSeconds": 0.958480082925453
    },
    "4.0": {
      "pitchRad": 0.9750249439218859,
      "speedMetersPerSec": 7.744964228853628,
      "timeOfFlightSeconds": 1.0010192859323548
    },
    "4.25": {
      "pitchRad": 0.9750249456459055,
      "speedMetersPerSec": 7.933779304771181,
      "timeOfFlightSeconds": 1.0419767536473628
    },
    "4.5": {
      "pitchRad": 0.9750249473327877,
      "speedMetersPerSec": 8.122235522374813,
      "timeOfFlightSeconds": 1.0815322348517085
    },
    "4.75": {
      "pitchRad": 0.9750249489839523,
      "speedMetersPerSec": 8.310000986926088,
      "timeOfFlightSeconds": 1.1198342699345616
    },
    "5.0": {
      "pitchRad": 0.7853981654026124,
      "speedMetersPerSec": 8.620400055304225,
      "timeOfFlightSeconds": 0.8980379835746809
    },
    "5.25": {
      "pitchRad": 0.785398168348382,
      "speedMetersPerSec": 8.775163904277793,
      "timeOfFlightSeconds": 0.9292742819184416
    },
    "5.5": {
      "pitchRad": 0.7853981697499757,
      "speedMetersPerSec": 8.931116396635135,
      "timeOfFlightSeconds": 0.9595958264362993
    },
    "5.75": {
      "pitchRad": 0.7853981703696311,
      "speedMetersPerSec": 9.087826528252124,
      "timeOfFlightSeconds": 0.9890866338414612
    },
    "6.0": {
      "pitchRad": 0.7853981704512474,
      "speedMetersPerSec": 9.244974674440657,
      "timeOfFlightSeconds": 1.0178187774635719
    },
    "6.25": {
      "pitchRad": 0.7853981705392266,
      "speedMetersPerSec": 9.402322804608861,
      "timeOfFlightSeconds": 1.0458546286432457
    },
    "6.5": {
      "pitchRad": 0.7853981705410915,
      "speedMetersPerSec": 9.55969345011128,
      "timeOfFlightSeconds": 1.0732485832436174
    },
    "6.75": {
      "pitchRad": 0.7853981705592485,
      "speedMetersPerSec": 9.716954598551052,
      "timeOfFlightSeconds": 1.100048414299447
    },
    "7.0": {
      "pitchRad": 0.7853981705608972,
      "speedMetersPerSec": 9.874008689553243,
      "timeOfFlightSeconds": 1.1262963423981145
    },
    "7.25": {
      "pitchRad": 0.7853981705626051,
      "speedMetersPerSec": 10.03078449054886,
      "timeOfFlightSeconds": 1.1520298941403753
    },
    "7.5": {
      "pitchRad": 0.785398171930965,
      "speedMetersPerSec": 10.187231027188865,
      "timeOfFlightSeconds": 1.1772825990259885
    },
    "7.75": {
      "pitchRad": 0.7853981719344395,
      "speedMetersPerSec": 10.343313015123512,
      "timeOfFlightSeconds": 1.2020845496716763
    },
    "8.0": {
      "pitchRad": 0.7853981719383673,
      "speedMetersPerSec": 10.499007357289114,
      "timeOfFlightSeconds": 1.226462882239274
    },
    "8.25": {
      "pitchRad": 0.7853981719426544,
      "speedMetersPerSec": 10.654300475275116,
      "timeOfFlightSeconds": 1.250442157882951
    },
    "8.5": {
      "pitchRad": 0.7853981719469065,
      "speedMetersPerSec": 10.80918623402728,
      "timeOfFlightSeconds": 1.2740446907601626
    },
    "8.75": {
      "pitchRad": 0.7853981719512639,
      "speedMetersPerSec": 10.96366432723661,
      "timeOfFlightSeconds": 1.2972908228551088
    },
    "9.0": {
      "pitchRad": 0.7853981719555421,
      "speedMetersPerSec": 11.117739011834233,
      "timeOfFlightSeconds": 1.32019915705544
    },
    "9.25": {
      "pitchRad": 0.7853981719585459,
      "speedMetersPerSec": 11.27141811118583,
      "timeOfFlightSeconds": 1.3427867560051074
    },
    "9.5": {
      "pitchRad": 0.7853981719614315,
      "speedMetersPerSec": 11.424712226194018,
      "timeOfFlightSeconds": 1.3650693126688789
    },
    "9.75": {
      "pitchRad": 0.7853981719650868,
      "speedMetersPerSec": 11.577634108672932,
      "timeOfFlightSeconds": 1.3870612973795382
    },
    "10.0": {
      "pitchRad": 0.7853981719686131,
      "speedMetersPerSec": 11.730198161730993,
      "timeOfFlightSeconds": 1.4087760851920443
    },
    "10.25": {
      "pitchRad": 0.7853981719720244,
      "speedMetersPerSec": 11.882420040462252,
      "timeOfFlightSeconds": 1.4302260666910527
    },
    "10.5": {
      "pitchRad": 0.7853981719749538,
      "speedMetersPerSec": 12.03431633219381,
      "timeOfFlightSeconds": 1.4514227447972787
    },
    "10.75": {
      "pitchRad": 0.7853981719777597,
      "speedMetersPerSec": 12.185904299942061,
      "timeOfFlightSeconds": 1.4723768196662579
    },
    "11.0": {
      "pitchRad": 0.7853981719804496,
      "speedMetersPerSec": 12.337201676658651,
      "timeOfFlightSeconds": 1.493098263437104
    },
    "11.25": {
      "pitchRad": 0.7853981719834413,
      "speedMetersPerSec": 12.488226499976701,
      "timeOfFlightSeconds": 1.5135963862532038
    },
    "11.5": {
      "pitchRad": 0.7853981719863291,
      "speedMetersPerSec": 12.63899697988805,
      "timeOfFlightSeconds": 1.5338798947909875
    },
    "11.75": {
      "pitchRad": 0.785398171989117,
      "speedMetersPerSec": 12.789531392664223,
      "timeOfFlightSeconds": 1.5539569442803671
    },
    "12.0": {
      "pitchRad": 0.7853981719917998,
      "speedMetersPerSec": 12.939847996439628,
      "timeOfFlightSeconds": 1.5738351849109686
    },
    "12.25": {
      "pitchRad": 0.7853981719943921,
      "speedMetersPerSec": 13.089964964109502,
      "timeOfFlightSeconds": 1.5935218033227232
    },
    "12.5": {
      "pitchRad": 0.7853981719968949,
      "speedMetersPerSec": 13.239900330428222,
      "timeOfFlightSeconds": 1.613023559811541
    },
    "12.75": {
      "pitchRad": 0.7853981719984388,
      "speedMetersPerSec": 13.389671950661901,
      "timeOfFlightSeconds": 1.6323468217749844
    },
    "13.0": {
      "pitchRad": 0.7853981719998921,
      "speedMetersPerSec": 13.539297468639605,
      "timeOfFlightSeconds": 1.6514975938550962
    },
    "13.25": {
      "pitchRad": 0.7853981720012552,
      "speedMetersPerSec": 13.688794292557654,
      "timeOfFlightSeconds": 1.6704815451638955
    },
    "13.5": {
      "pitchRad": 0.7853981720025309,
      "speedMetersPerSec": 13.83817957700981,
      "timeOfFlightSeconds": 1.6893040339285388
    },