{
  "map": {
    "0.75": {
      "pitchRad": 1.4337545321092717,
      "speedMetersPerSec": 6.187197331540004,
      "timeOfFlightSeconds": 0.9388735377434037
    },
    "1.0": {
      "pitchRad": 1.3886796711625273,
      "speedMetersPerSec": 6.234645310682167,
      "timeOfFlightSeconds": 0.9388803574355653
    },
    "1.25": {
      "pitchRad": 1.3442643158167837,
      "speedMetersPerSec": 6.295281534271485,
      "timeOfFlightSeconds": 0.9388864665709143
    },
    "1.5": {
      "pitchRad": 1.300657281977048,
      "speedMetersPerSec": 6.368838044408808,
      "timeOfFlightSeconds": 0.9388892589780223
    },
    "1.75": {
      "pitchRad": 1.2579914932926362,
      "speedMetersPerSec": 6.454998682678252,
      "timeOfFlightSeconds": 0.9388865912301806
    },
    "2.0": {
      "pitchRad": 1.2163818556072648,
      "speedMetersPerSec": 6.553406454630342,
      "timeOfFlightSeconds": 0.9388767207870221
    },
    "2.25": {
      "pitchRad": 1.1759241181826061,
      "speedMetersPerSec": 6.663671463703088,
      "timeOfFlightSeconds": 0.9388582301655432
    },
    "2.5": {
      "pitchRad": 1.1366946037394163,
      "speedMetersPerSec": 6.785379032579095,
      "timeOfFlightSeconds": 0.9388299529004503
    },
    "2.75": {
      "pitchRad": 1.0987506721051277,
      "speedMetersPerSec": 6.91809766059027,
      "timeOfFlightSeconds": 0.9387909086522759
    },
    "3.0": {
      "pitchRad": 1.0621317666554284,
      "speedMetersPerSec": 7.061386521239162,
      "timeOfFlightSeconds": 0.9387402499154162
    },
    "3.25": {
      "pitchRad": 1.0268608876471215,
      "speedMetersPerSec": 7.214802275399546,
      "timeOfFlightSeconds": 0.9386772201309688
    },
    "3.5": {
      "pitchRad": 0.9929463432057122,
      "speedMetersPerSec": 7.377905052508031,
      "timeOfFlightSeconds": 0.9386011218161859
    },
    "3.75": {
      "pitchRad": 0.9603836448604334,
      "speedMetersPerSec": 7.550263524567683,
      "timeOfFlightSeconds": 0.9385112929027776
    },
    "4.0": {
      "pitchRad": 0.9291574366643537,
      "speedMetersPerSec": 7.731459059852597,
      "timeOfFlightSeconds": 0.9384070895470297
    },
    "4.25": {
      "pitchRad": 0.8992433714841914,
      "speedMetersPerSec": 7.921088991465542,
      "timeOfFlightSeconds": 0.9382878738652398
    },
    "4.5": {
      "pitchRad": 0.8706098721866736,
      "speedMetersPerSec": 8.118769069965126,
      "timeOfFlightSeconds": 0.9381530053340829
    },
    "4.75": {
      "pitchRad": 0.8432197371946203,
      "speedMetersPerSec": 8.324135190195092,
      "timeOfFlightSeconds": 0.9380018348711702
    },
    "5.0": {
      "pitchRad": 0.8170315681246691,
      "speedMetersPerSec": 8.536844492453795,
      "timeOfFlightSeconds": 0.9378337008366708
    },
    "5.25": {
      "pitchRad": 0.7920010115846986,
      "speedMetersPerSec": 8.756575939751828,
      "timeOfFlightSeconds": 0.9376479263804572
    },
    "5.5": {
      "pitchRad": 0.7680818178438401,
      "speedMetersPerSec": 8.983030468571023,
      "timeOfFlightSeconds": 0.9374438177301694
    },
    "5.75": {
      "pitchRad": 0.7452267263649721,
      "speedMetersPerSec": 9.215930802397901,
      "timeOfFlightSeconds": 0.9372206631008534
    },
    "6.0": {
      "pitchRad": 0.7233881927389789,
      "speedMetersPerSec": 9.455021007150242,
      "timeOfFlightSeconds": 0.9369777319989938
    },
    "6.25": {
      "pitchRad": 0.7025189742111435,
      "speedMetersPerSec": 9.70006585542476,
      "timeOfFlightSeconds": 0.9367142750853305
    },
    "6.5": {
      "pitchRad": 0.6981317025395918,
      "speedMetersPerSec": 9.869984324197628,
      "timeOfFlightSeconds": 0.9567353741167591
    },
    "6.75": {
      "pitchRad": 0.6981317026238336,
      "speedMetersPerSec": 10.018878442001876,
      "timeOfFlightSeconds": 0.981826610521441
    },
    "7.0": {
      "pitchRad": 0.6981317026105008,
      "speedMetersPerSec": 10.16830573205161,
      "timeOfFlightSeconds": 1.006369080894186
    },
    "7.25": {
      "pitchRad": 0.6981317025940706,
      "speedMetersPerSec": 10.318091081965099,
      "timeOfFlightSeconds": 1.0304017846617146
    },
    "7.5": {
      "pitchRad": 0.6981317025761329,
      "speedMetersPerSec": 10.468097683865809,
      "timeOfFlightSeconds": 1.0539593742404967
    },
    "7.75": {
      "pitchRad": 0.6981317025572744,
      "speedMetersPerSec": 10.618218697896838,
      "timeOfFlightSeconds": 1.0770728002930556
    },
    "8.0": {
      "pitchRad": 0.6981317025374127,
      "speedMetersPerSec": 10.768370907699778,
      "timeOfFlightSeconds": 1.0997698388620818
    },
    "8.25": {
      "pitchRad": 0.6981317025176184,
      "speedMetersPerSec": 10.918489843366741,
      "timeOfFlightSeconds": 1.1220755258444801
    },
    "8.5": {
      "pitchRad": 0.698131702498872,
      "speedMetersPerSec": 11.06852599847489,
      "timeOfFlightSeconds": 1.1440125179500935
    },
    "8.75": {
      "pitchRad": 0.6981317024792602,
      "speedMetersPerSec": 11.218441871571413,
      "timeOfFlightSeconds": 1.1656013947900392
    },
    "9.0": {
      "pitchRad": 0.6981317024605393,
      "speedMetersPerSec": 11.368209635032057,
      "timeOfFlightSeconds": 1.1868609134290502
    },
    "9.25": {
      "pitchRad": 0.6981317024419568,
      "speedMetersPerSec": 11.517809285750088,
      "timeOfFlightSeconds": 1.2078082242013857
    },
    "9.5": {
      "pitchRad": 0.6981317024238438,
      "speedMetersPerSec": 11.667227168852655,
      "timeOfFlightSeconds": 1.2284590547829897
    },
    "9.75": {
      "pitchRad": 0.6981317024059717,
      "speedMetersPerSec": 11.816454792529887,
      "timeOfFlightSeconds": 1.2488278680237483
    },
    "10.0": {
      "pitchRad": 0.6981317023886436,
      "speedMetersPerSec": 11.965487871617414,
      "timeOfFlightSeconds": 1.2689279979777026
    },
    "10.25": {
      "pitchRad": 0.6981317023717107,
      "speedMetersPerSec": 12.114325552158027,
      "timeOfFlightSeconds": 1.2887717676938262
    },
    "10.5": {
      "pitchRad": 0.6981317023546916,
      "speedMetersPerSec": 12.26296977999685,
      "timeOfFlightSeconds": 1.3083705916712303
    },
    "10.75": {
      "pitchRad": 0.6981317023383861,
      "speedMetersPerSec": 12.411424784670475,
      "timeOfFlightSeconds": 1.3277350653498219
    },
    "11.0": {
      "pitchRad": 0.6981317023225063,
      "speedMetersPerSec": 12.559696656091743,
      "timeOfFlightSeconds": 1.3468750435762538
    },
    "11.25": {
      "pitchRad": 0.6981317023068495,
      "speedMetersPerSec": 12.707792996259478,
      "timeOfFlightSeconds": 1.3657997096704604
    },
    "11.5": {
      "pitchRad": 0.6981317022915495,
      "speedMetersPerSec": 12.85572263191986,
      "timeOfFlightSeconds": 1.3845176364250729
    },
    "11.75": {
      "pitchRad": 0.6981317022763488,
      "speedMetersPerSec": 13.0034953769724,
      "timeOfFlightSeconds": 1.4030368401597761
    },
    "12.0": {
      "pitchRad": 0.6981317022615,
      "speedMetersPerSec": 13.15112183559861,
      "timeOfFlightSeconds": 1.4213648287746994
    },
    "12.25": {
      "pitchRad": 0.6981317022471456,
      "speedMetersPerSec": 13.298613238888558,
      "timeOfFlightSeconds": 1.4395086445928265
    },
    "12.5": {
      "pitchRad": 0.6981317022331286,
      "speedMetersPerSec": 13.445981309094142,
      "timeOfFlightSeconds": 1.457474902667307
    },
    "12.75": {
      "pitchRad": 0.6981317022187975,
      "speedMetersPerSec": 13.593238146741667,
      "timeOfFlightSeconds": 1.4752698251253227
    },
    "13.0": {
      "pitchRad": 0.6981317022046323,
      "speedMetersPerSec": 13.740396136714857,
      "timeOfFlightSeconds": 1.4928992720413494
    },
    "13.25": {
      "pitchRad": 0.6981317021905694,
      "speedMetersPerSec": 13.887467870136359,
      "timeOfFlightSeconds": 1.5103687692496652
    },
    "13.5": {
      "pitchRad": 0.6981317021760269,
      "speedMetersPerSec": 14.034466079420675,
      "timeOfFlightSeconds": 1.527683533466411
    },