{
  "map": {
    "1.0": {
      "pitchRad": 1.047197551186408,
      "speedMetersPerSec": 6.8804093919907405,
      "timeOfFlightSeconds": 0.32863242963098566
    },
    "1.25": {
      "pitchRad": 1.0471975511673264,
      "speedMetersPerSec": 6.211281786765524,
      "timeOfFlightSeconds": 0.44974531081530605
    },
    "1.5": {
      "pitchRad": 1.047197551137254,
      "speedMetersPerSec": 6.111581775722705,
      "timeOfFlightSeconds": 0.5448019637083445
    },
    "2.0": {
      "pitchRad": 1.0471975509035316,
      "speedMetersPerSec": 6.325504860992256,
      "timeOfFlightSeconds": 0.6977803504658073
    },
    "2.25": {
      "pitchRad": 1.0445669340874624,
      "speedMetersPerSec": 6.501482464786387,
      "timeOfFlightSeconds": 0.7596997168522133
    },
    "2.5": {
      "pitchRad": 1.0222463385793263,
      "speedMetersPerSec": 6.686756262824016,
      "timeOfFlightSeconds": 0.7900772208050633
    },
    "2.75": {
      "pitchRad": 1.002985532487137,
      "speedMetersPerSec": 6.872340077703747,
      "timeOfFlightSeconds": 0.8199923077027026
    },
    "3.0": {
      "pitchRad": 0.9862253021454731,
      "speedMetersPerSec": 7.057554626498529,
      "timeOfFlightSeconds": 0.8493760500450712
    },
    "3.25": {
      "pitchRad": 0.9715245635191764,
      "speedMetersPerSec": 7.24194576397676,
      "timeOfFlightSeconds": 0.8781947063764686
    },
    "3.5": {
      "pitchRad": 0.9585338152084685,
      "speedMetersPerSec": 7.425215776097415,
      "timeOfFlightSeconds": 0.9064369080425104
    },
    "3.75": {
      "pitchRad": 0.9469743377034051,
      "speedMetersPerSec": 7.607175986258222,
      "timeOfFlightSeconds": 0.9341053522297277
    },
    "4.0": {
      "pitchRad": 0.93662221786443,
      "speedMetersPerSec": 7.787713947769225,
      "timeOfFlightSeconds": 0.9612114099137028
    },
    "4.25": {
      "pitchRad": 0.9272961764621592,
      "speedMetersPerSec": 7.966770605318272,
      "timeOfFlightSeconds": 0.9877716198943312
    },
    "4.5": {
      "pitchRad": 0.9188483053487327,
      "speedMetersPerSec": 8.144324292939595,
      "timeOfFlightSeconds": 1.0138054078410401
    },
    "4.75": {
      "pitchRad": 0.911157000819621,
      "speedMetersPerSec": 8.320379448350916,
      "timeOfFlightSeconds": 1.0393336051880955
    },
    "5.0": {
      "pitchRad": 0.9041215467176179,
      "speedMetersPerSec": 8.49495860470452,
      "timeOfFlightSeconds": 1.0643774931803818
    },
    "5.25": {
      "pitchRad": 0.8976579370232026,
      "speedMetersPerSec": 8.66809667756752,
      "timeOfFlightSeconds": 1.0889581934253503
    },
    "5.5": {
      "pitchRad": 0.8916956326082016,
      "speedMetersPerSec": 8.839836871856539,
      "timeOfFlightSeconds": 1.1130962879233774
    },
    "5.75": {
      "pitchRad": 0.8861750254832672,
      "speedMetersPerSec": 9.010227740737273,
      "timeOfFlightSeconds": 1.136811591361657
    },
    "6.0": {
      "pitchRad": 0.8810454420358526,
      "speedMetersPerSec": 9.179321069466491,
      "timeOfFlightSeconds": 1.1601230243694485
    },
    "6.25": {
      "pitchRad": 0.87626355954991,
      "speedMetersPerSec": 9.34717035377766,
      "timeOfFlightSeconds": 1.1830485534466868
    },
    "6.5": {
      "pitchRad": 0.8717921417576013,
      "speedMetersPerSec": 9.51382970918914,
      "timeOfFlightSeconds": 1.205605174534501
    },
    "6.75": {
      "pitchRad": 0.8675990223515406,
      "speedMetersPerSec": 9.679353094153855,
      "timeOfFlightSeconds": 1.227808924703706
    },
    "7.0": {
      "pitchRad": 0.8636562825284104,
      "speedMetersPerSec": 9.843793762673672,
      "timeOfFlightSeconds": 1.2496749114777908
    },
    "7.25": {
      "pitchRad": 0.8599395813774862,
      "speedMetersPerSec": 10.007203885168787,
      "timeOfFlightSeconds": 1.271217352713529
    },
    "7.5": {
      "pitchRad": 0.8564276074533165,
      "speedMetersPerSec": 10.16963429293048,
      "timeOfFlightSeconds": 1.2924496222768656
    },
    "7.75": {
      "pitchRad": 0.8531016270352224,
      "speedMetersPerSec": 10.331134313377934,
      "timeOfFlightSeconds": 1.3133842983301378
    },
    "8.0": {
      "pitchRad": 0.849945109997607,
      "speedMetersPerSec": 10.491751671950958,
      "timeOfFlightSeconds": 1.3340332121275054
    },
    "8.25": {
      "pitchRad": 0.8469434183443137,
      "speedMetersPerSec": 10.651532442745806,
      "timeOfFlightSeconds": 1.3544074959576462
    },
    "8.5": {
      "pitchRad": 0.8440835456205755,
      "speedMetersPerSec": 10.810521034602193,
      "timeOfFlightSeconds": 1.3745176293753205
    },
    "8.75": {
      "pitchRad": 0.8413538978598311,
      "speedMetersPerSec": 10.968760202741493,
      "timeOfFlightSeconds": 1.3943734832177679
    },
    "9.0": {
      "pitchRad": 0.8387441086102233,
      "speedMetersPerSec": 11.126291078569196,
      "timeOfFlightSeconds": 1.4139843611308325
    },
    "9.25": {
      "pitchRad": 0.8362448820641794,
      "speedMetersPerSec": 11.283153212125606,
      "timeOfFlightSeconds": 1.4333590384924135
    },
    "9.5": {
      "pitchRad": 0.8338478594727453,
      "speedMetersPerSec": 11.43938462306663,
      "timeOfFlightSeconds": 1.4525057987262315
    },
    "9.75": {
      "pitchRad": 0.8315455049392257,
      "speedMetersPerSec": 11.595021857105298,
      "timeOfFlightSeconds": 1.4714324670653334
    },
    "10.0": {
      "pitchRad": 0.8293310074123739,
      "speedMetersPerSec": 11.750100045633404,
      "timeOfFlightSeconds": 1.4901464418683863
    },
    "10.25": {
      "pitchRad": 0.8271981962795866,
      "speedMetersPerSec": 11.904652966837451,
      "timeOfFlightSeconds": 1.508654723620235
    },
    "10.5": {
      "pitchRad": 0.8251414684197234,
      "speedMetersPerSec": 12.058713107072423,
      "timeOfFlightSeconds": 1.526963941753858
    },
    "10.75": {
      "pitchRad": 0.8231557249529744,
      "speedMetersPerSec": 12.212311721596725,
      "timeOfFlightSeconds": 1.5450803794434405
    },
    "11.0": {
      "pitchRad": 0.8212363162243548,
      "speedMetersPerSec": 12.365478894028469,
      "timeOfFlightSeconds": 1.563009996512837
    },
    "11.25": {
      "pitchRad": 0.8193789938038014,
      "speedMetersPerSec": 12.518243594077788,
      "timeOfFlightSeconds": 1.5807584506011927
    },
    "11.5": {
      "pitchRad": 0.8175798684845523,
      "speedMetersPerSec": 12.670633733256254,
      "timeOfFlightSeconds": 1.5983311167181935
    },
    "11.75": {
      "pitchRad": 0.8158353734306276,
      "speedMetersPerSec": 12.822676218374816,
      "timeOfFlightSeconds": 1.6157331053227544
    },
    "12.0": {
      "pitchRad": 0.8141422317508595,
      "speedMetersPerSec": 12.974397002724341,
      "timeOfFlightSeconds": 1.6329692790353711
    },
    "12.25": {
      "pitchRad": 0.812497427897625,
      "speedMetersPerSec": 13.125821134894197,
      "timeOfFlightSeconds": 1.6500442681023522
    },
    "12.5": {
      "pitchRad": 0.8108981823742515,
      "speedMetersPerSec": 13.276972805229676,
      "timeOfFlightSeconds": 1.66696248470957
    },
    "12.75": {
      "pitchRad": 0.8093419293153866,
      "speedMetersPerSec": 13.427875389961848,
      "timeOfFlightSeconds": 1.6837281362413083
    },
    "13.0": {
      "pitchRad": 0.8078262965687419,
      "speedMetersPerSec": 13.578551493067106,
      "timeOfFlightSeconds": 1.700345237571818
    },
    "13.25": {
      "pitchRad": 0.8063490879588776,
      "speedMetersPerSec": 13.729022985929753,
      "timeOfFlightSeconds": 1.7168176224668708
    },
    "13.5": {
      "pitchRad": 0.8049082674597254,
      "speedMetersPerSec": 13.87931104489207,
      "timeOfFlightSeconds": 1.7331489541672234
    },
    "13.75": {
      "pitchRad": 0.8035019450435725,
      "speedMetersPerSec": 14.02943618678268,
      "timeOfFlightSeconds": 1.7493427352251563
    },
    "14.0": {
      "pitchRad": 0.8021283640006992,
      "speedMetersPerSec": 14.179418302517963,
      "timeOfFlightSeconds": 1.7654023166483017
    },