{
  "map": {
    "2.0": {
      "pitchRad": 0.9599310885474474,
      "speedMetersPerSec": 6.4831502260344935,
      "timeOfFlightSeconds": 0.5688514137788988
    },
    "2.25": {
      "pitchRad": 0.9599310885259725,
      "speedMetersPerSec": 6.564035154840516,
      "timeOfFlightSeconds": 0.6341443026456666
    },
    "2.5": {
      "pitchRad": 0.9599310884965374,
      "speedMetersPerSec": 6.6911628051256695,
      "timeOfFlightSeconds": 0.6935230475987212
    },
    "2.75": {
      "pitchRad": 0.959931088450761,
      "speedMetersPerSec": 6.843620367497126,
      "timeOfFlightSeconds": 0.7484018039540862
    },
    "3.0": {
      "pitchRad": 0.9599310883519181,
      "speedMetersPerSec": 7.010642102405061,
      "timeOfFlightSeconds": 0.7997104449091919
    },
    "3.25": {
      "pitchRad": 0.9599310880527788,
      "speedMetersPerSec": 7.186215952421359,
      "timeOfFlightSeconds": 0.8480988802141616
    },
    "3.5": {
      "pitchRad": 0.9599310875122967,
      "speedMetersPerSec": 7.366785743709726,
      "timeOfFlightSeconds": 0.894042389662645
    },
    "3.75": {
      "pitchRad": 0.9505322472223351,
      "speedMetersPerSec": 7.549099329592536,
      "timeOfFlightSeconds": 0.9253133117072843
    },
    "4.0": {
      "pitchRad": 0.9398153272116264,
      "speedMetersPerSec": 7.730101016766619,
      "timeOfFlightSeconds": 0.9525977261360732
    },
    "4.25": {
      "pitchRad": 0.9301784709952311,
      "speedMetersPerSec": 7.909635574965595,
      "timeOfFlightSeconds": 0.9793305966538641
    },
    "4.5": {
      "pitchRad": 0.9214639528083509,
      "speedMetersPerSec": 8.087670793016654,
      "timeOfFlightSeconds": 1.00553061732447
    },
    "4.75": {
      "pitchRad": 0.9135424107409038,
      "speedMetersPerSec": 8.264203760424722,
      "timeOfFlightSeconds": 1.0312182949288036
    },
    "5.0": {
      "pitchRad": 0.9063069514743367,
      "speedMetersPerSec": 8.43925193531264,
      "timeOfFlightSeconds": 1.0564148468663512
    },
    "5.25": {
      "pitchRad": 0.8996686141402515,
      "speedMetersPerSec": 8.612846782737268,
      "timeOfFlightSeconds": 1.081141496307077
    },
    "5.5": {
      "pitchRad": 0.8935528561080401,
      "speedMetersPerSec": 8.785029222491591,
      "timeOfFlightSeconds": 1.1054190287623762
    },
    "5.75": {
      "pitchRad": 0.8878968116032512,
      "speedMetersPerSec": 8.955846360645095,
      "timeOfFlightSeconds": 1.1292675222656259
    },
    "6.0": {
      "pitchRad": 0.8826471379322721,
      "speedMetersPerSec": 9.12534913838602,
      "timeOfFlightSeconds": 1.1527061927242597
    },
    "6.25": {
      "pitchRad": 0.8777583113207347,
      "speedMetersPerSec": 9.293590640671493,
      "timeOfFlightSeconds": 1.1757533154666577
    },
    "6.5": {
      "pitchRad": 0.8731912690787456,
      "speedMetersPerSec": 9.460624882279332,
      "timeOfFlightSeconds": 1.1984261968378342
    },
    "6.75": {
      "pitchRad": 0.8689123203520602,
      "speedMetersPerSec": 9.626505941049434,
      "timeOfFlightSeconds": 1.2207411782325053
    },
    "7.0": {
      "pitchRad": 0.8648922665927391,
      "speedMetersPerSec": 9.791287344682257,
      "timeOfFlightSeconds": 1.242713660682163
    },
    "7.25": {
      "pitchRad": 0.8611056868836439,
      "speedMetersPerSec": 9.95502164330978,
      "timeOfFlightSeconds": 1.2643581419686314
    },
    "7.5": {
      "pitchRad": 0.8575303537004755,
      "speedMetersPerSec": 10.117760118460547,
      "timeOfFlightSeconds": 1.285688260855663
    },
    "7.75": {
      "pitchRad": 0.8541467525369001,
      "speedMetersPerSec": 10.27955259224669,
      "timeOfFlightSeconds": 1.306716844813056
    },
    "8.0": {
      "pitchRad": 0.8509376847412381,
      "speedMetersPerSec": 10.440447310141312,
      "timeOfFlightSeconds": 1.3274559588275348
    },
    "8.25": {
      "pitchRad": 0.8478879374154747,
      "speedMetersPerSec": 10.600490877654961,
      "timeOfFlightSeconds": 1.347916953731976
    },
    "8.5": {
      "pitchRad": 0.8449840076673496,
      "speedMetersPerSec": 10.759728236297496,
      "timeOfFlightSeconds": 1.3681105130536007
    },
    "8.75": {
      "pitchRad": 0.8422138711581887,
      "speedMetersPerSec": 10.918202667949116,
      "timeOfFlightSeconds": 1.3880466977784804
    },
    "9.0": {
      "pitchRad": 0.8395667869378006,
      "speedMetersPerSec": 11.075955819529078,
      "timeOfFlightSeconds": 1.4077349886933872
    },
    "9.25": {
      "pitchRad": 0.8370331321550946,
      "speedMetersPerSec": 11.23302774190592,
      "timeOfFlightSeconds": 1.4271843261467978
    },
    "9.5": {
      "pitchRad": 0.8346042614857618,
      "speedMetersPerSec": 11.389456938526846,
      "timeOfFlightSeconds": 1.4464031471940375
    },
    "9.75": {
      "pitchRad": 0.8322723871018528,
      "speedMetersPerSec": 11.545280420393256,
      "timeOfFlightSeconds": 1.4653994201671858
    },
    "10.0": {
      "pitchRad": 0.8300304757891515,
      "speedMetersPerSec": 11.700533764873319,
      "timeOfFlightSeconds": 1.4841806767612598
    },
    "10.25": {
      "pitchRad": 0.8278721604414035,
      "speedMetersPerSec": 11.855251176493303,
      "timeOfFlightSeconds": 1.5027540417612921
    },
    "10.5": {
      "pitchRad": 0.8257916636539421,
      "speedMetersPerSec": 12.009465548340774,
      "timeOfFlightSeconds": 1.5211262605449771
    },
    "10.75": {
      "pitchRad": 0.8237837315433186,
      "speedMetersPerSec": 12.163208523084437,
      "timeOfFlightSeconds": 1.5393037245098735
    },
    "11.0": {
      "pitchRad": 0.8218435762387357,
      "speedMetersPerSec": 12.316510552896279,
      "timeOfFlightSeconds": 1.5572924945684572
    },
    "11.25": {
      "pitchRad": 0.8199668257562518,
      "speedMetersPerSec": 12.469400957774294,
      "timeOfFlightSeconds": 1.5750983228564008
    },
    "11.5": {
      "pitchRad": 0.8181494801783301,
      "speedMetersPerSec": 12.621907981924336,
      "timeOfFlightSeconds": 1.5927266727900204
    },
    "11.75": {
      "pitchRad": 0.8163878732371525,
      "speedMetersPerSec": 12.774058847980779,
      "timeOfFlightSeconds": 1.610182737603244
    },
    "12.0": {
      "pitchRad": 0.81467863854294,
      "speedMetersPerSec": 12.925879808936026,
      "timeOfFlightSeconds": 1.6274714574846167
    },
    "12.25": {
      "pitchRad": 0.8130186798188425,
      "speedMetersPerSec": 13.077396197716745,
      "timeOfFlightSeconds": 1.6445975354295868
    },
    "12.5": {
      "pitchRad": 0.8114051446005889,
      "speedMetersPerSec": 13.228632474394553,
      "timeOfFlightSeconds": 1.6615654519120155
    },
    "12.75": {
      "pitchRad": 0.8098354009410271,
      "speedMetersPerSec": 13.379612271055398,
      "timeOfFlightSeconds": 1.6783794784711694
    },
    "13.0": {
      "pitchRad": 0.8083070167278351,
      "speedMetersPerSec": 13.530358434378334,
      "timeOfFlightSeconds": 1.6950436903026829
    },
    "13.25": {
      "pitchRad": 0.8068177412811726,
      "speedMetersPerSec": 13.680893065992347,
      "timeOfFlightSeconds": 1.7115619779374718
    },
    "13.5": {
      "pitchRad": 0.8053654889429482,
      "speedMetersPerSec": 13.831237560692749,
      "timeOfFlightSeconds": 1.7279380580800558
    },
    "13.75": {
      "pitchRad": 0.803948324412163,
      "speedMetersPerSec": 13.981412642606399,
      "timeOfFlightSeconds": 1.7441754836760193
    },
    "14.0": {
      "pitchRad": 0.8025644496146883,
      "speedMetersPerSec": 14.131438399399245,
      "timeOfFlightSeconds": 1.7602776532721702
    },
    "14.25": {
      "pitchRad": 0.8012121919226065,
      "speedMetersPerSec": 14.281334314622148,
      "timeOfFlightSeconds": 1.776247819723422
    },
    "14.5": {
      "pitchRad": 0.7998899935659244,
      "speedMetersPerSec": 14.431119298290369,
      "timeOfFlightSeconds": 1.7920890983015978
    }
  }
}
